run_date,session_date,list,ticker,price,dist_pct,rel_volume
2026-07-01,2026-07-01,Breakout,BME:MAP,4.35,0.0,1.28
2026-07-01,2026-07-01,Breakout,BME:UNI,3.18,0.44,1.46
2026-07-01,2026-07-01,Breakout,EURONEXT:ARTO,9700.0,0.0,1.43
2026-07-01,2026-07-01,Breakout,LSE:CURY,163.6,0.0,1.45
2026-07-01,2026-07-01,Breakout,MIL:CE,17.2,0.0,1.21
2026-07-01,2026-07-01,Breakout,MIL:UNI,25.36,0.24,1.38
2026-07-01,2026-07-01,Breakout,NASDAQ:FHB,30.21,0.44,1.69
2026-07-01,2026-07-01,Breakout,NSE:ADANIENT,3143.6,0.2,1.72
2026-07-01,2026-07-01,Breakout,NSE:CEMPRO,1363.3,0.02,1.97
2026-07-01,2026-07-01,Breakout,NSE:DELHIVERY,507.7,0.45,3.6
2026-07-01,2026-07-01,Breakout,NSE:PHOENIXLTD,2018.5,0.34,1.35
2026-07-01,2026-07-01,Breakout,NYSE:CB,351.73,0.35,1.39
2026-07-01,2026-07-01,Breakout,NYSE:CFG,71.82,0.46,1.21
2026-07-01,2026-07-01,Breakout,NYSE:CON,30.77,0.42,1.95
2026-07-01,2026-07-01,Breakout,NYSE:DK,53.14,0.32,1.38
2026-07-01,2026-07-01,Breakout,NYSE:NP,34.06,0.26,1.31
2026-07-01,2026-07-01,Breakout,NYSE:UTI,47.02,0.4,1.44
2026-07-01,2026-07-01,Breakout,NYSE:WBS,76.63,0.18,1.31
2026-07-01,2026-07-01,Breakout,SET:WHA,5.25,0.0,1.57
2026-07-01,2026-07-01,Breakout,SIX:BAER,69.84,0.37,1.55
2026-07-01,2026-07-01,Breakout,SSE:600641,43.85,0.0,1.44
2026-07-01,2026-07-01,Breakout,SSE:600885,37.94,0.0,1.79
2026-07-01,2026-07-01,Breakout,SSE:603379,83.48,0.0,2.31
2026-07-01,2026-07-01,Breakout,SSE:603991,155.27,0.0,2.16
2026-07-01,2026-07-01,Breakout,SSE:688578,125.81,0.13,2.37
2026-07-01,2026-07-01,Breakout,SSE:688728,25.25,0.0,3.32
2026-07-01,2026-07-01,Breakout,SZSE:000725,8.77,0.45,1.28
2026-07-01,2026-07-01,Breakout,SZSE:002167,24.28,0.0,1.26
2026-07-01,2026-07-01,Breakout,SZSE:002653,72.96,0.01,2.85
2026-07-01,2026-07-01,Breakout,SZSE:300323,22.14,0.18,1.29
2026-07-01,2026-07-01,Breakout,SZSE:300607,49.48,0.0,1.3
2026-07-01,2026-07-01,Breakout,TADAWUL:4190,17.02,0.0,1.37
2026-07-01,2026-07-01,Breakout,TPEX:5483,198.0,0.0,2.31
2026-07-01,2026-07-01,Breakout,TSE:3436,4729.0,0.0,2.62
2026-07-01,2026-07-01,Breakout,TSE:6134,8932.0,0.12,1.57
2026-07-01,2026-07-01,Breakout,TWSE:2892,33.2,0.45,2.6
2026-07-01,2026-07-01,Near,ADX:AGILITY,1.75,2.78,1.62
2026-07-01,2026-07-01,Near,ADX:NMDCENR,2.93,3.93,0.43
2026-07-01,2026-07-01,Near,AMEX:NHC,212.71,1.41,0.44
2026-07-01,2026-07-01,Near,AMEX:PRK,187.15,0.38,0.62
2026-07-01,2026-06-30,Near,ASX:CDA,44.35,2.05,0.94
2026-07-01,2026-06-30,Near,ASX:CGF,10.26,1.16,1.7
2026-07-01,2026-06-30,Near,ASX:DNL,3.93,2.0,1.08
2026-07-01,2026-06-30,Near,ASX:MFF,5.07,1.36,0.95
2026-07-01,2026-06-30,Near,ASX:MQG,247.18,2.8,0.71
2026-07-01,2026-06-30,Near,ASX:NWH,7.47,4.72,1.31
2026-07-01,2026-06-30,Near,ASX:QBE,24.95,1.46,0.83
2026-07-01,2026-06-30,Near,ASX:QUB,5.1,0.58,1.28
2026-07-01,2026-06-30,Near,ASX:REH,16.78,3.84,0.62
2026-07-01,2026-06-30,Near,ASX:RHC,43.53,2.68,0.96
2026-07-01,2026-06-30,Near,ASX:SOL,45.19,3.42,0.94
2026-07-01,2026-06-30,Near,ASX:VCX,2.62,2.42,0.98
2026-07-01,2026-06-30,Near,ASX:WES,90.5,4.91,0.94
2026-07-01,2026-06-30,Near,ASX:WOW,39.31,3.53,1.15
2026-07-01,2026-07-01,Near,ATHEX:AKTR,13.76,1.57,0.63
2026-07-01,2026-07-01,Near,ATHEX:BYLOT,1.189,2.78,0.36
2026-07-01,2026-07-01,Near,ATHEX:ETE,15.375,3.94,1.63
2026-07-01,2026-07-01,Near,ATHEX:EUROB,4.232,3.82,0.72
2026-07-01,2026-07-01,Near,ATHEX:GEKTERNA,45.36,2.54,5.56
2026-07-01,2026-07-01,Near,ATHEX:MOH,39.96,1.82,1.1
2026-07-01,2026-07-01,Near,ATHEX:PPC,22.94,2.63,0.36
2026-07-01,2026-07-01,Near,ATHEX:TPEIR,9.24,3.23,1.28
2026-07-01,2026-07-01,Near,BCS:ECL,1800.7,4.21,0.63
2026-07-01,2026-07-01,Near,BCS:ENAEX,24838.0,2.46,0.02
2026-07-01,2026-07-01,Near,BCS:ENELCHILE,81.4,3.1,0.73
2026-07-01,2026-07-01,Near,BIST:AHGAZ,39.54,2.03,2.5
2026-07-01,2026-07-01,Near,BIST:DSTKF,3750.0,0.66,0.82
2026-07-01,2026-07-01,Near,BIST:HEDEF,155.0,2.64,0.99
2026-07-01,2026-07-01,Near,BIST:INVES,787.5,4.26,0.83
2026-07-01,2026-07-01,Near,BIST:ODINE,1957.0,0.31,0.57
2026-07-01,2026-07-01,Near,BIVA:FIBRAMQ/12,44.46,2.26,0.13
2026-07-01,2026-07-01,Near,BME:ANA,272.6,4.35,0.39
2026-07-01,2026-07-01,Near,BME:BBVA,21.95,1.7,0.42
2026-07-01,2026-07-01,Near,BME:BKT,14.715,3.35,0.82
2026-07-01,2026-07-01,Near,BME:CABK,12.5,1.92,0.63
2026-07-01,2026-07-01,Near,BME:CAF,63.5,3.64,0.84
2026-07-01,2026-07-01,Near,BME:ELE,38.74,3.37,0.66
2026-07-01,2026-07-01,Near,BME:FCC,12.52,1.11,0.94
2026-07-01,2026-07-01,Near,BME:GGC,161.0,0.62,
2026-07-01,2026-07-01,Near,BME:IBE,21.43,2.94,0.68
2026-07-01,2026-07-01,Near,BME:ITX,55.74,4.36,0.76
2026-07-01,2026-07-01,Near,BME:LOG,33.62,2.49,0.81
2026-07-01,2026-07-01,Near,BME:MEL,11.94,4.71,0.94
2026-07-01,2026-07-01,Near,BME:MRL,15.31,3.83,1.17
2026-07-01,2026-07-01,Near,BME:SAN,12.116,0.03,0.69
2026-07-01,2026-07-01,Near,BME:XEKT,17.3,0.57,
2026-07-01,2026-07-01,Near,BMFBOVESPA:ABEV3,16.2,4.93,0.7
2026-07-01,2026-07-01,Near,BMFBOVESPA:BBSE3,38.13,4.96,1.57
2026-07-01,2026-07-01,Near,BMFBOVESPA:CSMG3,61.14,0.63,0.96
2026-07-01,2026-07-01,Near,BMFBOVESPA:CXSE3,19.86,1.34,5.45
2026-07-01,2026-06-24,Near,BMV:CABLE/CPO,55.0,0.0,0.34
2026-07-01,2026-07-01,Near,BMV:CMOCTEZ,85.0,0.57,0.41
2026-07-01,2026-07-01,Near,BMV:FEMSA/UB,166.0,1.19,2.14
2026-07-01,2026-07-01,Near,BMV:GPROFUT,126.4,0.0,0.11
2026-07-01,2026-07-01,Near,BMV:ICH/B,180.0,1.1,2.81
2026-07-01,2026-06-29,Near,BMV:IDEAL/B-1,43.0,2.27,0.05
2026-07-01,2026-07-01,Near,BMV:SIMEC/B,174.0,4.4,0.02
2026-07-01,2026-07-01,Near,BVC:NUTRESA,308000.0,3.45,0.0
2026-07-01,2026-07-01,Near,BVL:ALICORC1,12.0,1.64,0.5
2026-07-01,2026-06-19,Near,BVL:BACKUAC1,233.64,0.0,0.35
2026-07-01,2026-07-01,Near,BVL:BBVAC1,1.96,2.08,0.59
2026-07-01,2026-07-01,Near,BVL:CVERDEC1,67.0,0.0,0.03
2026-07-01,2026-07-01,Near,BVL:INRETC1,36.99,0.03,0.09
2026-07-01,2026-07-01,Near,BVL:INTERBC1,1.93,3.5,0.12
2026-07-01,2026-07-01,Near,BVL:SPCCPI1,240.0,0.83,1.68
2026-07-01,2026-07-01,Near,DFM:DU,11.8,0.84,1.95
2026-07-01,2026-07-01,Near,EURONEXT:A5G,10.23,4.84,0.86
2026-07-01,2026-07-01,Near,EURONEXT:ABI,71.22,4.63,0.86
2026-07-01,2026-07-01,Near,EURONEXT:AC,50.46,2.96,0.78
2026-07-01,2026-07-01,Near,EURONEXT:AGN,7.578,0.55,0.97
2026-07-01,2026-07-01,Near,EURONEXT:AGS,69.75,0.43,0.68
2026-07-01,2026-07-01,Near,EURONEXT:AI,176.3,0.81,0.84
2026-07-01,2026-07-01,Near,EURONEXT:ALLFG,8.445,4.9,3.99
2026-07-01,2026-07-01,Near,EURONEXT:AMUN,83.85,4.12,0.57
2026-07-01,2026-07-01,Near,EURONEXT:ARGX,793.6,3.03,0.93
2026-07-01,2026-07-01,Near,EURONEXT:ASRNL,66.1,2.99,1.25
2026-07-01,2026-07-01,Near,EURONEXT:BCP,1.0435,0.71,0.7
2026-07-01,2026-07-01,Near,EURONEXT:BNP,101.16,1.79,0.62
2026-07-01,2026-07-01,Near,EURONEXT:CBDG,104.0,3.7,0.02
2026-07-01,2026-07-01,Near,EURONEXT:CS,43.5,1.32,0.65
2026-07-01,2026-07-01,Near,EURONEXT:EDPR,14.21,3.14,0.81
2026-07-01,2026-07-01,Near,EURONEXT:ELIS,26.92,4.06,1.49
2026-07-01,2026-07-01,Near,EURONEXT:GL9,24.26,0.98,0.9
2026-07-01,2026-07-01,Near,EURONEXT:GLE,76.85,2.81,1.08
2026-07-01,2026-07-01,Near,EURONEXT:INGA,27.64,1.9,0.73
2026-07-01,2026-07-01,Near,EURONEXT:INPST,15.41,0.19,0.49
2026-07-01,2026-07-01,Near,EURONEXT:IPN,165.8,4.44,0.81
2026-07-01,2026-07-01,Near,EURONEXT:KBC,119.7,4.47,0.6
2026-07-01,2026-07-01,Near,EURONEXT:KBCA,83.1,0.36,1.07
2026-07-01,2026-07-01,Near,EURONEXT:LI,36.12,3.06,0.78
2026-07-01,2026-07-01,Near,EURONEXT:LOTB,11520.0,2.87,0.87
2026-07-01,2026-07-01,Near,EURONEXT:LOUP,120.2,4.45,0.43
2026-07-01,2026-07-01,Near,EURONEXT:MICC,15.706,4.74,0.67
2026-07-01,2026-07-01,Near,EURONEXT:ML,34.0,2.02,0.51
2026-07-01,2026-07-01,Near,EURONEXT:NN,75.82,1.81,0.83
2026-07-01,2026-07-01,Near,EURONEXT:ODET,1458.0,4.71,0.32
2026-07-01,2026-07-01,Near,EURONEXT:RXL,37.48,4.41,0.85
2026-07-01,2026-07-01,Near,EURONEXT:SAF,349.9,0.37,0.83
2026-07-01,2026-07-01,Near,EURONEXT:SON,2.015,2.89,1.03
2026-07-01,2026-07-01,Near,EURONEXT:SWICH,7.16,2.72,0.01
2026-07-01,2026-07-01,Near,EURONEXT:VIE,35.74,2.38,1.51
2026-07-01,2026-07-01,Near,GPW:ALE,38.57,2.99,0.69
2026-07-01,2026-07-01,Near,GPW:BFT,4924.0,0.16,0.9
2026-07-01,2026-07-01,Near,GPW:CAR,807.0,3.47,1.46
2026-07-01,2026-07-01,Near,GPW:EBP,644.2,3.48,0.96
2026-07-01,2026-07-01,Near,GPW:KTY,1206.0,4.89,0.23
2026-07-01,2026-07-01,Near,GPW:PCO,36.69,2.86,0.83
2026-07-01,2026-07-01,Near,GPW:PKO,104.6,3.22,1.25
2026-07-01,2026-07-01,Near,GPW:XTB,110.0,3.51,1.64
2026-07-01,2026-07-01,Near,GPW:ZAB,27.65,0.82,0.77
2026-07-01,2026-06-30,Near,HKEX:1191,191.8,4.67,
2026-07-01,2026-06-30,Near,HKEX:1651,70.25,1.89,2.54
2026-07-01,2026-06-30,Near,HKEX:2553,52.2,4.04,1.67
2026-07-01,2026-06-30,Near,HKEX:2672,75.0,2.41,
2026-07-01,2026-06-30,Near,HKEX:522,238.8,2.29,1.75
2026-07-01,2026-06-30,Near,HKEX:669,129.5,1.67,1.03
2026-07-01,2026-06-30,Near,HKEX:981,89.4,4.39,1.22
2026-07-01,2026-07-01,Near,HOSE:STB,73200.0,4.69,0.42
2026-07-01,2026-07-01,Near,KRX:004170,776000.0,2.02,0.86
2026-07-01,2026-07-01,Near,KRX:031980,166500.0,3.76,1.24
2026-07-01,2026-07-01,Near,KRX:222800,157300.0,4.2,1.85
2026-07-01,2026-07-01,Near,KRX:319660,211500.0,3.64,1.21
2026-07-01,2026-07-01,Near,LSE:ABDN,248.6,0.96,0.65
2026-07-01,2026-07-01,Near,LSE:ADM,3582.0,2.82,0.53
2026-07-01,2026-07-01,Near,LSE:AJB,628.0,3.58,0.88
2026-07-01,2026-07-01,Near,LSE:BARC,515.0,1.21,0.89
2026-07-01,2026-07-01,Near,LSE:BBY,862.5,3.14,0.58
2026-07-01,2026-07-01,Near,LSE:BEZ,1288.0,0.54,0.73
2026-07-01,2026-07-01,Near,LSE:BLND,412.2,4.58,0.43
2026-07-01,2026-07-01,Near,LSE:BNZL,2640.0,1.71,1.21
2026-07-01,2026-07-01,Near,LSE:CCH,4958.0,0.64,1.99
2026-07-01,2026-07-01,Near,LSE:CWK,5560.0,4.3,0.69
2026-07-01,2026-07-01,Near,LSE:DCC,6160.0,2.92,1.66
2026-07-01,2026-07-01,Near,LSE:DLN,1958.0,3.83,0.55
2026-07-01,2026-07-01,Near,LSE:DPLM,7185.0,1.51,0.45
2026-07-01,2026-07-01,Near,LSE:EMG,300.4,1.77,1.31
2026-07-01,2026-07-01,Near,LSE:GAW,21540.0,3.32,1.0
2026-07-01,2026-07-01,Near,LSE:HILS,2795.0,3.97,0.98
2026-07-01,2026-07-01,Near,LSE:HMSO,369.2,1.28,1.39
2026-07-01,2026-07-01,Near,LSE:HSX,1847.0,2.28,0.71
2026-07-01,2026-07-01,Near,LSE:IAG,468.8,4.89,1.91
2026-07-01,2026-07-01,Near,LSE:IHG,168.5,4.1,0.78
2026-07-01,2026-07-01,Near,LSE:IMI,2924.0,3.94,1.13
2026-07-01,2026-07-01,Near,LSE:ITRK,5805.0,0.26,0.14
2026-07-01,2026-07-01,Near,LSE:JTC,1325.0,4.34,0.82
2026-07-01,2026-07-01,Near,LSE:KLR,2712.0,0.44,0.7
2026-07-01,2026-07-01,Near,LSE:LAND,648.5,4.49,0.45
2026-07-01,2026-07-01,Near,LSE:LGEN,286.4,4.53,1.16
2026-07-01,2026-07-01,Near,LSE:LLOY,112.15,2.14,1.06
2026-07-01,2026-07-01,Near,LSE:MNG,335.4,0.95,0.54
2026-07-01,2026-07-01,Near,LSE:NWG,679.6,3.66,1.71
2026-07-01,2026-07-01,Near,LSE:NXT,14695.0,1.24,0.6
2026-07-01,2026-07-01,Near,LSE:PFD,203.8,3.69,0.94
2026-07-01,2026-07-01,Near,LSE:PLUS,4924.0,1.01,3.45
2026-07-01,2026-07-01,Near,LSE:PSON,1236.0,0.48,0.94
2026-07-01,2026-07-01,Near,LSE:QLT,195.8,2.88,2.26
2026-07-01,2026-07-01,Near,LSE:RR.,1461.0,4.67,0.7
2026-07-01,2026-07-01,Near,LSE:SCT,1914.0,0.47,0.65
2026-07-01,2026-07-01,Near,LSE:SDLF,834.0,0.95,0.73
2026-07-01,2026-07-01,Near,LSE:SDR,586.0,2.25,1.31
2026-07-01,2026-07-01,Near,LSE:SGRO,886.0,0.85,0.91
2026-07-01,2026-07-01,Near,LSE:STAN,2074.0,1.19,0.81
2026-07-01,2026-07-01,Near,LSE:TCAP,344.2,1.6,0.9
2026-07-01,2026-07-01,Near,LSE:WOSG,729.5,0.61,0.54
2026-07-01,2026-07-01,Near,MIL:ANIM,7.08,4.32,0.57
2026-07-01,2026-07-01,Near,MIL:BGN,65.7,1.5,0.48
2026-07-01,2026-07-01,Near,MIL:BMED,21.91,1.57,0.5
2026-07-01,2026-07-01,Near,MIL:BMPS,10.872,1.61,0.45
2026-07-01,2026-07-01,Near,MIL:BPE,13.66,2.26,0.65
2026-07-01,2026-07-01,Near,MIL:CRL,32.1,2.43,0.56
2026-07-01,2026-07-01,Near,MIL:DLG,38.46,2.78,1.31
2026-07-01,2026-07-01,Near,MIL:ENEL,9.962,3.38,0.77
2026-07-01,2026-07-01,Near,MIL:G,42.29,3.73,0.64
2026-07-01,2026-07-01,Near,MIL:MB,26.1,1.69,0.43
2026-07-01,2026-07-01,Near,MIL:PIRC,6.66,0.89,2.18
2026-07-01,2026-07-01,Near,MIL:PST,29.01,1.59,0.64
2026-07-01,2026-07-01,Near,MIL:SOL,59.5,4.65,0.37
2026-07-01,2026-07-01,Near,MIL:TIT,8.139,0.0,0.94
2026-07-01,2026-07-01,Near,MIL:TRN,10.095,3.03,0.74
2026-07-01,2026-07-01,Near,MIL:UCG,78.68,2.8,0.52
2026-07-01,2026-07-01,Near,MYX:BKAWAN,21.2,2.66,0.26
2026-07-01,2026-07-01,Near,MYX:FRONTKN,5.02,1.57,3.39
2026-07-01,2026-07-01,Near,MYX:IOICORP,4.23,4.94,0.63
2026-07-01,2026-07-01,Near,MYX:MPI,49.0,3.54,0.86
2026-07-01,2026-07-01,Near,MYX:SUNCON,7.43,3.51,0.31
2026-07-01,2026-07-01,Near,MYX:TENAGA,14.2,4.7,0.76
2026-07-01,2026-07-01,Near,MYX:TIMECOM,6.16,4.64,0.16
2026-07-01,2026-07-01,Near,MYX:VITROX,7.89,1.38,1.05
2026-07-01,2026-07-01,Near,MYX:YTLPOWR,4.47,0.67,4.1
2026-07-01,2026-07-01,Near,NASDAQ:AAL,18.15,1.73,1.05
2026-07-01,2026-07-01,Near,NASDAQ:ABNB,147.31,1.92,0.76
2026-07-01,2026-07-01,Near,NASDAQ:ACGL,98.55,4.68,0.7
2026-07-01,2026-07-01,Near,NASDAQ:ACHC,31.25,0.32,0.82
2026-07-01,2026-07-01,Near,NASDAQ:ACIW,52.53,3.22,0.6
2026-07-01,2026-07-01,Near,NASDAQ:ACT,45.39,1.33,0.93
2026-07-01,2026-07-01,Near,NASDAQ:ADPT,22.37,0.75,0.64
2026-07-01,2026-07-01,Near,NASDAQ:AEP,135.05,3.15,0.71
2026-07-01,2026-07-01,Near,NASDAQ:ALGT,119.16,3.22,0.88
2026-07-01,2026-07-01,Near,NASDAQ:ALHC,24.01,0.44,0.8
2026-07-01,2026-07-01,Near,NASDAQ:AMRX,16.97,4.98,0.62
2026-07-01,2026-07-01,Near,NASDAQ:APGE,132.77,0.29,0.35
2026-07-01,2026-07-01,Near,NASDAQ:ARWR,80.44,4.86,0.51
2026-07-01,2026-07-01,Near,NASDAQ:ARXS,46.55,4.38,1.46
2026-07-01,2026-07-01,Near,NASDAQ:ASND,267.79,1.51,0.41
2026-07-01,2026-07-01,Near,NASDAQ:ASTH,49.81,1.58,1.94
2026-07-01,2026-07-01,Near,NASDAQ:ATEX,108.205,0.37,0.85
2026-07-01,2026-07-01,Near,NASDAQ:BANR,67.83,2.86,0.84
2026-07-01,2026-07-01,Near,NASDAQ:BATRA,56.97,1.49,0.56
2026-07-01,2026-07-01,Near,NASDAQ:BELFA,281.67,4.03,1.4
2026-07-01,2026-07-01,Near,NASDAQ:BHF,63.88,3.69,0.94
2026-07-01,2026-07-01,Near,NASDAQ:BIIB,209.74,4.54,0.81
2026-07-01,2026-07-01,Near,NASDAQ:BLBD,77.88,4.45,0.93
2026-07-01,2026-07-01,Near,NASDAQ:BOKF,141.24,0.23,0.73
2026-07-01,2026-07-01,Near,NASDAQ:BPOP,168.5,0.38,0.75
2026-07-01,2026-07-01,Near,NASDAQ:BTSG,69.85,1.23,0.87
2026-07-01,2026-07-01,Near,NASDAQ:BUSE,30.17,0.3,0.88
2026-07-01,2026-07-01,Near,NASDAQ:CACC,655.72,1.16,0.63
2026-07-01,2026-07-01,Near,NASDAQ:CAKE,79.64,1.59,0.88
2026-07-01,2026-07-01,Near,NASDAQ:CATY,63.28,0.14,0.79
2026-07-01,2026-07-01,Near,NASDAQ:CBC,31.36,0.1,0.82
2026-07-01,2026-07-01,Near,NASDAQ:CCEP,106.1,4.33,1.43
2026-07-01,2026-07-01,Near,NASDAQ:CENT,44.35,3.12,0.69
2026-07-01,2026-07-01,Near,NASDAQ:CGNX,71.305,2.16,1.26
2026-07-01,2026-07-01,Near,NASDAQ:CHEF,95.36,2.33,0.54
2026-07-01,2026-07-01,Near,NASDAQ:CINF,187.21,0.31,0.65
2026-07-01,2026-07-01,Near,NASDAQ:CLBK,21.27,1.48,0.77
2026-07-01,2026-07-01,Near,NASDAQ:CLOV,5.39,3.58,1.0
2026-07-01,2026-07-01,Near,NASDAQ:CMPR,103.92,2.08,0.59
2026-07-01,2026-07-01,Near,NASDAQ:COLB,32.51,0.64,0.93
2026-07-01,2026-07-01,Near,NASDAQ:CORT,88.48,2.77,1.01
2026-07-01,2026-07-01,Near,NASDAQ:CPRX,31.44,3.44,0.34
2026-07-01,2026-07-01,Near,NASDAQ:CROX,124.17,4.33,1.1
2026-07-01,2026-07-01,Near,NASDAQ:CRWD,772.74,1.69,0.83
2026-07-01,2026-07-01,Near,NASDAQ:CSX,48.33,0.5,0.95
2026-07-01,2026-07-01,Near,NASDAQ:CVBF,23.11,0.37,0.86
2026-07-01,2026-07-01,Near,NASDAQ:CYTK,85.26,3.45,0.63
2026-07-01,2026-07-01,Near,NASDAQ:CZR,30.41,3.7,1.18
2026-07-01,2026-07-01,Near,NASDAQ:DGII,74.12,3.0,0.9
2026-07-01,2026-07-01,Near,NASDAQ:DHC,9.24,4.35,0.53
2026-07-01,2026-07-01,Near,NASDAQ:DNLI,25.98,1.42,0.52
2026-07-01,2026-07-01,Near,NASDAQ:DRH,11.93,4.86,1.33
2026-07-01,2026-07-01,Near,NASDAQ:EA,205.45,0.27,0.68
2026-07-01,2026-07-01,Near,NASDAQ:EBC,22.63,0.55,0.29
2026-07-01,2026-07-01,Near,NASDAQ:ECPG,93.79,0.86,1.13
2026-07-01,2026-07-01,Near,NASDAQ:EFSC,66.9,0.93,0.68
2026-07-01,2026-07-01,Near,NASDAQ:ESTA,89.23,1.4,1.14
2026-07-01,2026-07-01,Near,NASDAQ:EVRG,86.19,1.58,0.96
2026-07-01,2026-07-01,Near,NASDAQ:EWBC,130.7,3.89,0.91
2026-07-01,2026-07-01,Near,NASDAQ:EXEL,53.96,3.49,0.55
2026-07-01,2026-07-01,Near,NASDAQ:EZPW,35.53,4.3,1.13
2026-07-01,2026-07-01,Near,NASDAQ:FA,18.895,0.63,0.76
2026-07-01,2026-07-01,Near,NASDAQ:FBNC,65.35,1.07,1.06
2026-07-01,2026-07-01,Near,NASDAQ:FCNCA,2121.63,4.95,0.99
2026-07-01,2026-07-01,Near,NASDAQ:FFBC,34.67,0.09,1.11
2026-07-01,2026-07-01,Near,NASDAQ:FFIV,424.18,0.79,0.88
2026-07-01,2026-07-01,Near,NASDAQ:FIBK,39.26,0.17,1.02
2026-07-01,2026-07-01,Near,NASDAQ:FLYW,18.56,1.49,1.43
2026-07-01,2026-07-01,Near,NASDAQ:FRME,44.29,0.47,0.88
2026-07-01,2026-07-01,Near,NASDAQ:FROG,90.39,2.93,0.59
2026-07-01,2026-07-01,Near,NASDAQ:FTDR,78.44,2.01,0.99
2026-07-01,2026-07-01,Near,NASDAQ:FTNT,158.98,0.51,0.62
2026-07-01,2026-07-01,Near,NASDAQ:FULT,24.46,0.37,0.83
2026-07-01,2026-07-01,Near,NASDAQ:GCMG,12.71,3.86,0.81
2026-07-01,2026-07-01,Near,NASDAQ:GH,170.77,1.06,1.57
2026-07-01,2026-07-01,Near,NASDAQ:GSAT,80.96,4.41,0.51
2026-07-01,2026-07-01,Near,NASDAQ:HTO,60.74,1.83,1.3
2026-07-01,2026-07-01,Near,NASDAQ:HWC,75.66,0.94,0.87
2026-07-01,2026-07-01,Near,NASDAQ:IBKR,93.25,4.69,1.49
2026-07-01,2026-07-01,Near,NASDAQ:IBOC,77.02,1.84,0.72
2026-07-01,2026-07-01,Near,NASDAQ:ICHR,111.77,1.59,1.85
2026-07-01,2026-07-01,Near,NASDAQ:ILMN,183.89,0.55,1.03
2026-07-01,2026-07-01,Near,NASDAQ:IMVT,38.14,2.9,0.39
2026-07-01,2026-07-01,Near,NASDAQ:INCY,113.81,1.89,0.77
2026-07-01,2026-07-01,Near,NASDAQ:INDB,85.0,2.3,0.76
2026-07-01,2026-07-01,Near,NASDAQ:IRDM,55.72,1.57,0.79
2026-07-01,2026-07-01,Near,NASDAQ:JAZZ,237.51,2.39,0.93
2026-07-01,2026-07-01,Near,NASDAQ:JBHT,290.07,1.66,1.05
2026-07-01,2026-07-01,Near,NASDAQ:KLIC,133.81,1.47,0.89
2026-07-01,2026-07-01,Near,NASDAQ:KNSA,62.885,2.97,0.47
2026-07-01,2026-07-01,Near,NASDAQ:KRYS,371.58,2.86,0.6
2026-07-01,2026-07-01,Near,NASDAQ:KYIV,15.91,3.46,1.99
2026-07-01,2026-07-01,Near,NASDAQ:LAMR,156.64,1.29,0.7
2026-07-01,2026-07-01,Near,NASDAQ:LAUR,37.34,2.46,0.72
2026-07-01,2026-07-01,Near,NASDAQ:LFST,11.43,0.44,1.0
2026-07-01,2026-07-01,Near,NASDAQ:LGND,312.01,2.8,0.63
2026-07-01,2026-07-01,Near,NASDAQ:LIN,533.55,1.0,1.14
2026-07-01,2026-07-01,Near,NASDAQ:LINE,43.59,3.92,0.86
2026-07-01,2026-07-01,Near,NASDAQ:LIVN,82.48,1.79,0.5
2026-07-01,2026-07-01,Near,NASDAQ:LLYVA,103.86,1.09,0.94
2026-07-01,2026-07-01,Near,NASDAQ:LNT,75.79,2.03,0.77
2026-07-01,2026-07-01,Near,NASDAQ:LNTH,108.96,2.59,0.78
2026-07-01,2026-07-01,Near,NASDAQ:LQDA,79.32,1.7,0.4
2026-07-01,2026-07-01,Near,NASDAQ:MBIN,49.76,3.31,0.78
2026-07-01,2026-07-01,Near,NASDAQ:MBX,55.92,4.41,0.93
2026-07-01,2026-07-01,Near,NASDAQ:MCRI,130.09,4.29,0.65
2026-07-01,2026-07-01,Near,NASDAQ:MIDD,171.75,2.66,0.45
2026-07-01,2026-07-01,Near,NASDAQ:MIRM,120.46,3.93,0.67
2026-07-01,2026-07-01,Near,NASDAQ:MNST,97.35,0.97,0.64
2026-07-01,2026-07-01,Near,NASDAQ:MRCY,123.05,3.74,0.71
2026-07-01,2026-07-01,Near,NASDAQ:MRNA,72.5,1.91,0.79
2026-07-01,2026-07-01,Near,NASDAQ:MRX,65.22,3.16,0.84
2026-07-01,2026-07-01,Near,NASDAQ:MTCH,38.25,2.42,0.69
2026-07-01,2026-07-01,Near,NASDAQ:NAVN,24.25,2.16,0.67
2026-07-01,2026-07-01,Near,NASDAQ:NBIX,167.77,2.17,0.7
2026-07-01,2026-07-01,Near,NASDAQ:NBTB,50.25,0.7,0.81
2026-07-01,2026-07-01,Near,NASDAQ:NDSN,295.64,3.93,1.32
2026-07-01,2026-07-01,Near,NASDAQ:NESR,28.8,4.98,0.75
2026-07-01,2026-07-01,Near,NASDAQ:NOVT,163.7,4.74,1.16
2026-07-01,2026-07-01,Near,NASDAQ:NRIX,23.91,3.9,0.36
2026-07-01,2026-07-01,Near,NASDAQ:NTCT,42.95,1.94,0.75
2026-07-01,2026-07-01,Near,NASDAQ:NTRA,276.27,1.13,0.87
2026-07-01,2026-07-01,Near,NASDAQ:NTRS,175.6,1.73,0.62
2026-07-01,2026-07-01,Near,NASDAQ:NUVL,123.6,0.07,0.61
2026-07-01,2026-07-01,Near,NASDAQ:NWBI,15.35,0.71,0.78
2026-07-01,2026-07-01,Near,NASDAQ:NWE,71.45,4.96,0.77
2026-07-01,2026-07-01,Near,NASDAQ:OKTA,140.46,1.73,1.05
2026-07-01,2026-07-01,Near,NASDAQ:ONB,26.23,0.74,1.2
2026-07-01,2026-07-01,Near,NASDAQ:ORKA,93.29,4.59,0.68
2026-07-01,2026-07-01,Near,NASDAQ:OSW,28.13,3.82,0.68
2026-07-01,2026-07-01,Near,NASDAQ:OTTR,89.66,2.8,0.79
2026-07-01,2026-07-01,Near,NASDAQ:OZK,52.85,1.51,1.21
2026-07-01,2026-07-01,Near,NASDAQ:PANW,352.04,1.69,0.95
2026-07-01,2026-07-01,Near,NASDAQ:PECO,41.56,2.67,0.79
2026-07-01,2026-07-01,Near,NASDAQ:PENN,21.49,3.89,0.52
2026-07-01,2026-07-01,Near,NASDAQ:PFG,108.93,3.13,0.78
2026-07-01,2026-07-01,Near,NASDAQ:PGNY,29.45,2.16,1.0
2026-07-01,2026-07-01,Near,NASDAQ:PPLI,45.94,2.01,0.96
2026-07-01,2026-07-01,Near,NASDAQ:PRVA,26.88,0.85,1.02
2026-07-01,2026-07-01,Near,NASDAQ:PSMT,195.29,2.07,0.8
2026-07-01,2026-07-01,Near,NASDAQ:PTGX,125.17,1.12,0.49
2026-07-01,2026-07-01,Near,NASDAQ:PTRN,26.48,0.19,0.85
2026-07-01,2026-07-01,Near,NASDAQ:QNT,78.41,4.73,1.19
2026-07-01,2026-07-01,Near,NASDAQ:REG,79.37,3.12,1.02
2026-07-01,2026-07-01,Near,NASDAQ:REYN,27.13,0.46,0.85
2026-07-01,2026-07-01,Near,NASDAQ:ROIV,35.03,2.42,0.55
2026-07-01,2026-07-01,Near,NASDAQ:RPRX,55.78,2.52,0.59
2026-07-01,2026-07-01,Near,NASDAQ:RVMD,187.51,2.89,0.48
2026-07-01,2026-07-01,Near,NASDAQ:SBCF,33.98,4.42,0.75
2026-07-01,2026-07-01,Near,NASDAQ:SEIC,90.05,4.16,0.77
2026-07-01,2026-07-01,Near,NASDAQ:SFNC,23.22,0.62,0.76
2026-07-01,2026-07-01,Near,NASDAQ:SIGI,98.02,0.67,0.75
2026-07-01,2026-07-01,Near,NASDAQ:SIRI,29.95,1.22,0.91
2026-07-01,2026-07-01,Near,NASDAQ:SKWD,59.51,2.82,0.87
2026-07-01,2026-07-01,Near,NASDAQ:SLAB,218.38,1.14,2.03
2026-07-01,2026-07-01,Near,NASDAQ:SLDE,19.99,4.58,1.33
2026-07-01,2026-07-01,Near,NASDAQ:SRCE,83.31,3.84,0.87
2026-07-01,2026-07-01,Near,NASDAQ:TCBI,104.54,4.02,0.72
2026-07-01,2026-07-01,Near,NASDAQ:TECH,71.0,1.61,1.13
2026-07-01,2026-07-01,Near,NASDAQ:TENB,37.9,3.88,1.27
2026-07-01,2026-07-01,Near,NASDAQ:TFSL,17.86,0.72,0.84
2026-07-01,2026-07-01,Near,NASDAQ:TIGO,90.49,4.48,1.7
2026-07-01,2026-07-01,Near,NASDAQ:TILE,35.94,1.96,0.63
2026-07-01,2026-07-01,Near,NASDAQ:TOWN,36.69,3.09,0.91
2026-07-01,2026-07-01,Near,NASDAQ:TRMK,47.09,0.17,1.06
2026-07-01,2026-07-01,Near,NASDAQ:TROW,116.11,1.78,0.79
2026-07-01,2026-07-01,Near,NASDAQ:TWST,102.25,2.29,0.58
2026-07-01,2026-07-01,Near,NASDAQ:TXG,39.05,2.57,0.83
2026-07-01,2026-07-01,Near,NASDAQ:TXRH,191.48,2.8,0.59
2026-07-01,2026-07-01,Near,NASDAQ:UAL,135.13,2.62,0.8
2026-07-01,2026-07-01,Near,NASDAQ:UBSI,46.94,0.07,0.86
2026-07-01,2026-07-01,Near,NASDAQ:UFPT,268.67,2.37,0.9
2026-07-01,2026-07-01,Near,NASDAQ:UMBF,145.65,0.65,0.71
2026-07-01,2026-07-01,Near,NASDAQ:VCEL,45.15,3.15,0.66
2026-07-01,2026-07-01,Near,NASDAQ:VCTR,85.73,4.95,0.56
2026-07-01,2026-07-01,Near,NASDAQ:VCYT,59.85,1.74,0.69
2026-07-01,2026-07-01,Near,NASDAQ:VLY,14.8,0.94,0.73
2026-07-01,2026-07-01,Near,NASDAQ:VRTX,498.01,1.95,0.58
2026-07-01,2026-07-01,Near,NASDAQ:VSEC,228.75,2.49,0.89
2026-07-01,2026-07-01,Near,NASDAQ:WAFD,39.04,0.43,1.19
2026-07-01,2026-07-01,Near,NASDAQ:WDFC,241.43,4.66,0.69
2026-07-01,2026-07-01,Near,NASDAQ:WERN,43.82,3.2,0.9
2026-07-01,2026-07-01,Near,NASDAQ:WSBC,39.95,0.22,0.39
2026-07-01,2026-07-01,Near,NASDAQ:WSFS,78.47,0.41,0.75
2026-07-01,2026-07-01,Near,NASDAQ:WTFC,162.79,0.35,0.77
2026-07-01,2026-07-01,Near,NASDAQ:XMTR,95.78,4.09,1.14
2026-07-01,2026-07-01,Near,NASDAQ:ZION,70.7,0.25,0.8
2026-07-01,2026-07-01,Near,NSE:ABCAPITAL,393.15,1.55,0.33
2026-07-01,2026-07-01,Near,NSE:ACMESOLAR,390.8,1.38,1.4
2026-07-01,2026-07-01,Near,NSE:ACUTAAS,3567.5,1.18,0.7
2026-07-01,2026-07-01,Near,NSE:ADANIGREEN,1535.0,1.41,0.96
2026-07-01,2026-07-01,Near,NSE:ADANIPORTS,1848.2,1.78,1.74
2026-07-01,2026-07-01,Near,NSE:AEGISLOG,1254.7,1.59,1.07
2026-07-01,2026-07-01,Near,NSE:AIAENG,4996.0,3.55,0.94
2026-07-01,2026-07-01,Near,NSE:AJANTPHARM,3347.5,4.55,0.54
2026-07-01,2026-07-01,Near,NSE:ANANDRATHI,1964.9,3.34,0.34
2026-07-01,2026-07-01,Near,NSE:APOLLOHOSP,8618.5,1.73,0.51
2026-07-01,2026-07-01,Near,NSE:ATHERENERG,1130.4,3.89,1.24
2026-07-01,2026-07-01,Near,NSE:AUBANK,1051.4,2.61,0.68
2026-07-01,2026-07-01,Near,NSE:AUROPHARMA,1552.6,2.28,0.29
2026-07-01,2026-07-01,Near,NSE:AXISBANK,1368.7,3.5,0.47
2026-07-01,2026-07-01,Near,NSE:BAGMANE.RR,103.58,1.26,0.93
2026-07-01,2026-07-01,Near,NSE:BHEL,413.95,2.58,0.66
2026-07-01,2026-07-01,Near,NSE:BOSCHLTD,40785.0,2.77,0.88
2026-07-01,2026-07-01,Near,NSE:CAPLIPOINT,2564.0,4.15,0.51
2026-07-01,2026-07-01,Near,NSE:CGCL,226.82,1.96,0.68
2026-07-01,2026-07-01,Near,NSE:CGPOWER,976.5,0.25,0.83
2026-07-01,2026-07-01,Near,NSE:CHOLAFIN,1803.3,1.54,0.31
2026-07-01,2026-07-01,Near,NSE:CREDITACC,1502.3,4.19,0.55
2026-07-01,2026-07-01,Near,NSE:CUPID,193.38,0.45,0.62
2026-07-01,2026-07-01,Near,NSE:ELGIEQUIP,605.85,4.42,0.86
2026-07-01,2026-07-01,Near,NSE:EMBASSY.RR,444.28,3.84,0.78
2026-07-01,2026-07-01,Near,NSE:EMMVEE,351.95,1.33,1.63
2026-07-01,2026-07-01,Near,NSE:FEDERALBNK,331.4,0.18,0.74
2026-07-01,2026-07-01,Near,NSE:FLUOROCHEM,3930.9,2.65,1.03
2026-07-01,2026-07-01,Near,NSE:GLAND,2465.2,2.5,0.55
2026-07-01,2026-07-01,Near,NSE:GMRAIRPORT,113.53,0.98,0.7
2026-07-01,2026-07-01,Near,NSE:GRANULES,811.4,2.12,0.82
2026-07-01,2026-07-01,Near,NSE:GRASIM,3140.4,1.86,0.74
2026-07-01,2026-07-01,Near,NSE:HFCL,212.09,3.63,0.5
2026-07-01,2026-07-01,Near,NSE:HONAUT,39655.0,4.33,1.18
2026-07-01,2026-07-01,Near,NSE:IDEA,14.64,4.56,0.89
2026-07-01,2026-07-01,Near,NSE:IKS,1800.2,0.65,11.62
2026-07-01,2026-07-01,Near,NSE:INDUSINDBK,941.6,2.81,0.97
2026-07-01,2026-07-01,Near,NSE:IPCALAB,1696.4,3.98,0.94
2026-07-01,2026-07-01,Near,NSE:JBCHEPHARM,2298.0,1.46,0.71
2026-07-01,2026-07-01,Near,NSE:KIMS,831.0,1.19,0.52
2026-07-01,2026-07-01,Near,NSE:LAURUSLABS,1493.3,2.48,0.61
2026-07-01,2026-07-01,Near,NSE:LENSKART,530.55,4.86,0.96
2026-07-01,2026-07-01,Near,NSE:LLOYDSME,1805.9,4.38,1.01
2026-07-01,2026-07-01,Near,NSE:LUPIN,2397.5,3.87,0.51
2026-07-01,2026-07-01,Near,NSE:MAHABANK,91.2,3.49,0.92
2026-07-01,2026-07-01,Near,NSE:MARICO,851.0,0.4,0.55
2026-07-01,2026-07-01,Near,NSE:MOTHERSON,147.51,4.99,0.77
2026-07-01,2026-07-01,Near,NSE:NAM_INDIA,1196.4,0.34,0.9
2026-07-01,2026-07-01,Near,NSE:NAVINFLUOR,7585.0,2.88,0.4
2026-07-01,2026-07-01,Near,NSE:NESTLEIND,1453.8,2.96,1.35
2026-07-01,2026-07-01,Near,NSE:NEULANDLAB,18786.0,4.87,0.72
2026-07-01,2026-06-30,Near,NSE:NHIT,167.95,1.21,7.41
2026-07-01,2026-07-01,Near,NSE:NUVAMA,1788.1,2.02,0.3
2026-07-01,2026-07-01,Near,NSE:NXST.RR,162.27,3.61,2.28
2026-07-01,2026-07-01,Near,NSE:NYKAA,308.65,1.36,0.43
2026-07-01,2026-07-01,Near,NSE:OFSS,10863.0,2.4,0.81
2026-07-01,2026-07-01,Near,NSE:PIDILITIND,1581.9,2.39,0.56
2026-07-01,2026-07-01,Near,NSE:PIRAMALFIN,2197.1,1.03,1.11
2026-07-01,2026-07-01,Near,NSE:POLYCAB,9713.5,4.07,0.76
2026-07-01,2026-07-01,Near,NSE:RADICO,3952.6,0.6,0.46
2026-07-01,2026-07-01,Near,NSE:SAILIFE,1243.8,1.29,0.43
2026-07-01,2026-07-01,Near,NSE:SANSERA,3165.1,3.24,0.29
2026-07-01,2026-07-01,Near,NSE:SOLARINDS,18610.0,1.91,0.74
2026-07-01,2026-07-01,Near,NSE:SONACOMS,619.4,2.02,0.47
2026-07-01,2026-07-01,Near,NSE:STARHEALTH,586.8,3.14,0.23
2026-07-01,2026-07-01,Near,NSE:SUNPHARMA,1866.2,2.63,0.65
2026-07-01,2026-07-01,Near,NSE:TATACAP,361.55,4.84,0.11
2026-07-01,2026-07-01,Near,NSE:THERMAX,5120.5,2.98,0.58
2026-07-01,2026-07-01,Near,NSE:TITAN,4398.6,4.48,1.65
2026-07-01,2026-07-01,Near,NSE:TORNTPHARM,4640.8,2.15,0.34
2026-07-01,2026-07-01,Near,NSE:WELCORP,1477.6,3.99,1.01
2026-07-01,2026-07-01,Near,NSE:YESBANK,24.58,4.65,0.53
2026-07-01,2026-07-01,Near,NSE:ZYDUSLIFE,1109.2,1.71,0.64
2026-07-01,2026-07-01,Near,NYSE:AADX,23.85,1.61,1.75
2026-07-01,2026-07-01,Near,NYSE:ABBV,251.06,1.93,0.56
2026-07-01,2026-07-01,Near,NYSE:ABCB,91.65,0.71,0.78
2026-07-01,2026-07-01,Near,NYSE:ACA,144.66,1.54,0.51
2026-07-01,2026-07-01,Near,NYSE:AFL,118.49,1.49,0.6
2026-07-01,2026-07-01,Near,NYSE:AGM,203.11,3.57,0.72
2026-07-01,2026-07-01,Near,NYSE:AHR,53.65,1.87,0.76
2026-07-01,2026-07-01,Near,NYSE:AIN,74.42,2.79,0.59
2026-07-01,2026-07-01,Near,NYSE:AIR,142.76,2.72,0.65
2026-07-01,2026-07-01,Near,NYSE:AIT,332.08,3.88,0.55
2026-07-01,2026-07-01,Near,NYSE:AIZ,274.14,0.7,0.67
2026-07-01,2026-07-01,Near,NYSE:ALL,243.12,0.26,0.72
2026-07-01,2026-07-01,Near,NYSE:ALLY,46.08,2.56,0.94
2026-07-01,2026-07-01,Near,NYSE:AMBQ,88.4,3.5,0.74
2026-07-01,2026-07-01,Near,NYSE:AME,237.13,3.1,0.73
2026-07-01,2026-07-01,Near,NYSE:APD,306.4,0.51,1.37
2026-07-01,2026-07-01,Near,NYSE:APH,172.22,3.53,0.82
2026-07-01,2026-07-01,Near,NYSE:APLE,16.48,3.4,1.02
2026-07-01,2026-07-01,Near,NYSE:ARMK,56.1,1.8,0.98
2026-07-01,2026-07-01,Near,NYSE:ASB,31.22,0.43,1.05
2026-07-01,2026-07-01,Near,NYSE:ASH,66.69,2.29,0.48
2026-07-01,2026-07-01,Near,NYSE:ATEN,38.0,1.02,0.69
2026-07-01,2026-07-01,Near,NYSE:AUB,43.19,0.99,0.98
2026-07-01,2026-07-01,Near,NYSE:AWR,83.34,1.16,0.92
2026-07-01,2026-07-01,Near,NYSE:AX,98.94,2.92,0.94
2026-07-01,2026-07-01,Near,NYSE:AXS,109.07,1.15,0.64
2026-07-01,2026-07-01,Near,NYSE:AXTA,34.2,4.26,0.57
2026-07-01,2026-07-01,Near,NYSE:AYI,367.53,3.32,0.83
2026-07-01,2026-07-01,Near,NYSE:BAC,58.36,1.41,0.89
2026-07-01,2026-07-01,Near,NYSE:BANC,20.56,4.86,0.68
2026-07-01,2026-07-01,Near,NYSE:BAP,387.0,3.1,0.91
2026-07-01,2026-07-01,Near,NYSE:BEN,34.06,1.33,0.87
2026-07-01,2026-07-01,Near,NYSE:BFH,105.37,4.13,0.63
2026-07-01,2026-07-01,Near,NYSE:BLX,61.42,2.81,1.0
2026-07-01,2026-07-01,Near,NYSE:BNL,20.78,3.35,1.25
2026-07-01,2026-07-01,Near,NYSE:BNY,146.02,1.67,0.56
2026-07-01,2026-07-01,Near,NYSE:BOH,82.98,0.79,0.75
2026-07-01,2026-07-01,Near,NYSE:BRK.A,750999.99,3.1,0.64
2026-07-01,2026-07-01,Near,NYSE:BROS,73.31,1.8,0.8
2026-07-01,2026-07-01,Near,NYSE:BRX,31.23,4.79,1.13
2026-07-01,2026-07-01,Near,NYSE:BXDC,21.77,4.93,0.52
2026-07-01,2026-07-01,Near,NYSE:BYD,87.98,3.32,0.87
2026-07-01,2026-07-01,Near,NYSE:CAH,237.72,1.33,0.52
2026-07-01,2026-07-01,Near,NYSE:CALY,18.64,3.72,0.64
2026-07-01,2026-07-01,Near,NYSE:CBU,68.45,0.47,0.43
2026-07-01,2026-07-01,Near,NYSE:CCK,111.37,4.5,0.67
2026-07-01,2026-07-01,Near,NYSE:CDP,36.71,0.74,0.6
2026-07-01,2026-07-01,Near,NYSE:CFR,155.75,0.84,0.79
2026-07-01,2026-07-01,Near,NYSE:CHE,480.87,0.64,0.87
2026-07-01,2026-07-01,Near,NYSE:CNA,49.64,2.13,0.58
2026-07-01,2026-07-01,Near,NYSE:CNC,68.35,0.09,0.96
2026-07-01,2026-07-01,Near,NYSE:CNO,52.07,1.81,0.81
2026-07-01,2026-07-01,Near,NYSE:CNP,43.73,3.28,0.8
2026-07-01,2026-07-01,Near,NYSE:CNS,77.41,2.36,0.56
2026-07-01,2026-07-01,Near,NYSE:CPA,153.05,4.62,0.97
2026-07-01,2026-07-01,Near,NYSE:CPT,115.66,1.62,0.91
2026-07-01,2026-07-01,Near,NYSE:CR,219.8,2.94,0.75
2026-07-01,2026-07-01,Near,NYSE:CRL,229.09,3.18,1.06
2026-07-01,2026-07-01,Near,NYSE:CRS,610.16,2.3,0.5
2026-07-01,2026-07-01,Near,NYSE:CTVA,83.54,2.8,0.86
2026-07-01,2026-07-01,Near,NYSE:CUBI,79.87,3.26,1.39
2026-07-01,2026-07-01,Near,NYSE:CUZ,30.65,0.37,0.63
2026-07-01,2026-07-01,Near,NYSE:CVS,104.81,1.26,0.87
2026-07-01,2026-07-01,Near,NYSE:CWT,49.04,2.78,0.92
2026-07-01,2026-07-01,Near,NYSE:CXW,31.01,1.7,0.82
2026-07-01,2026-07-01,Near,NYSE:D,67.79,3.38,0.88
2026-07-01,2026-07-01,Near,NYSE:DAL,93.06,2.19,0.63
2026-07-01,2026-07-01,Near,NYSE:DBRG,15.77,0.32,1.2
2026-07-01,2026-07-01,Near,NYSE:DCO,190.25,0.43,0.86
2026-07-01,2026-07-01,Near,NYSE:DGX,216.02,0.39,1.03
2026-07-01,2026-07-01,Near,NYSE:DINO,72.56,2.9,0.8
2026-07-01,2026-07-01,Near,NYSE:DOC,21.64,1.23,0.93
2026-07-01,2026-07-01,Near,NYSE:DTE,150.57,2.9,1.12
2026-07-01,2026-07-01,Near,NYSE:DVA,228.03,0.77,0.93
2026-07-01,2026-07-01,Near,NYSE:ED,110.95,4.54,0.69
2026-07-01,2026-07-01,Near,NYSE:EG,359.93,2.27,0.82
2026-07-01,2026-07-01,Near,NYSE:EGP,205.46,1.09,1.19
2026-07-01,2026-07-01,Near,NYSE:EIX,73.5,3.56,0.73
2026-07-01,2026-07-01,Near,NYSE:ELV,416.19,2.53,1.15
2026-07-01,2026-07-01,Near,NYSE:ENVA,242.18,1.7,0.77
2026-07-01,2026-07-01,Near,NYSE:EQR,68.63,1.24,0.86
2026-07-01,2026-07-01,Near,NYSE:ESNT,64.52,3.83,0.86
2026-07-01,2026-07-01,Near,NYSE:ESS,295.18,1.37,0.71
2026-07-01,2026-07-01,Near,NYSE:ETR,112.86,4.72,0.98
2026-07-01,2026-07-01,Near,NYSE:EW,91.99,0.96,0.79
2026-07-01,2026-07-01,Near,NYSE:EXPD,166.81,1.01,1.22
2026-07-01,2026-07-01,Near,NYSE:FAF,70.46,1.41,0.95
2026-07-01,2026-07-01,Near,NYSE:FBP,26.69,0.45,0.59
2026-07-01,2026-07-01,Near,NYSE:FCF,20.76,0.41,0.85
2026-07-01,2026-07-01,Near,NYSE:FHN,26.05,1.92,0.8
2026-07-01,2026-07-01,Near,NYSE:FITB,57.49,1.13,1.53
2026-07-01,2026-07-01,Near,NYSE:FLG,15.0,2.38,0.62
2026-07-01,2026-07-01,Near,NYSE:FNB,19.43,0.39,0.88
2026-07-01,2026-07-01,Near,NYSE:FR,61.61,4.72,1.05
2026-07-01,2026-07-01,Near,NYSE:FRT,120.41,4.75,1.37
2026-07-01,2026-07-01,Near,NYSE:FSS,127.59,3.99,1.3
2026-07-01,2026-07-01,Near,NYSE:FTV,61.8,2.52,0.73
2026-07-01,2026-07-01,Near,NYSE:GBCI,52.75,2.3,0.99
2026-07-01,2026-07-01,Near,NYSE:GBTG,9.4,1.47,0.54
2026-07-01,2026-07-01,Near,NYSE:GD,362.86,1.85,0.77
2026-07-01,2026-07-01,Near,NYSE:GE,374.94,1.25,0.64
2026-07-01,2026-07-01,Near,NYSE:GEF,74.81,3.02,0.76
2026-07-01,2026-07-01,Near,NYSE:GEO,30.33,1.14,0.58
2026-07-01,2026-07-01,Near,NYSE:GEV,1134.35,4.03,0.68
2026-07-01,2026-07-01,Near,NYSE:GHC,1169.91,4.48,0.76
2026-07-01,2026-07-01,Near,NYSE:GL,180.07,1.23,0.93
2026-07-01,2026-07-01,Near,NYSE:GNW,9.55,0.98,0.78
2026-07-01,2026-07-01,Near,NYSE:GOLF,118.31,0.88,0.53
2026-07-01,2026-07-01,Near,NYSE:GRC,88.72,4.38,1.13
2026-07-01,2026-07-01,Near,NYSE:GRDN,42.13,4.25,1.31
2026-07-01,2026-07-01,Near,NYSE:GTLS,208.68,0.24,0.58
2026-07-01,2026-07-01,Near,NYSE:GTY,33.6,3.31,0.5
2026-07-01,2026-07-01,Near,NYSE:GWW,1338.24,3.79,0.69
2026-07-01,2026-07-01,Near,NYSE:HAYW,16.97,4.29,1.21
2026-07-01,2026-07-01,Near,NYSE:HEI,359.7,1.21,0.96
2026-07-01,2026-07-01,Near,NYSE:HG,33.78,2.17,0.62
2026-07-01,2026-07-01,Near,NYSE:HMN,52.62,0.59,0.66
2026-07-01,2026-07-01,Near,NYSE:HNGE,85.07,1.83,0.67
2026-07-01,2026-07-01,Near,NYSE:HR,20.29,2.9,0.69
2026-07-01,2026-07-01,Near,NYSE:HTH,39.37,2.57,0.78
2026-07-01,2026-07-01,Near,NYSE:HUM,409.42,1.3,0.98
2026-07-01,2026-07-01,Near,NYSE:HXL,98.09,3.37,0.62
2026-07-01,2026-07-01,Near,NYSE:IDA,150.12,2.06,0.71
2026-07-01,2026-07-01,Near,NYSE:IEX,224.96,2.27,1.01
2026-07-01,2026-07-01,Near,NYSE:IFF,81.15,3.91,1.07
2026-07-01,2026-07-01,Near,NYSE:IFS,58.29,1.07,0.93
2026-07-01,2026-07-01,Near,NYSE:IVT,34.93,3.69,0.34
2026-07-01,2026-07-01,Near,NYSE:JAN,28.99,0.97,0.64
2026-07-01,2026-07-01,Near,NYSE:JCI,144.8,4.22,1.59
2026-07-01,2026-07-01,Near,NYSE:JNJ,253.98,2.28,0.61
2026-07-01,2026-07-01,Near,NYSE:JPM,334.07,2.73,1.35
2026-07-01,2026-07-01,Near,NYSE:KEY,23.25,1.96,0.96
2026-07-01,2026-07-01,Near,NYSE:KIM,25.08,3.82,0.78
2026-07-01,2026-07-01,Near,NYSE:KO,81.29,3.27,0.9
2026-07-01,2026-07-01,Near,NYSE:KRG,28.31,3.71,0.68
2026-07-01,2026-07-01,Near,NYSE:KTB,83.81,3.67,0.63
2026-07-01,2026-07-01,Near,NYSE:L,114.12,0.85,0.73
2026-07-01,2026-07-01,Near,NYSE:LCLN,24.49,3.2,2.09
2026-07-01,2026-07-01,Near,NYSE:LEVI,24.5,4.22,1.2
2026-07-01,2026-07-01,Near,NYSE:LH,283.88,3.35,0.97
2026-07-01,2026-07-01,Near,NYSE:LLY,1191.74,3.74,0.75
2026-07-01,2026-07-01,Near,NYSE:LOAR,80.26,3.8,0.79
2026-07-01,2026-07-01,Near,NYSE:LTH,40.04,4.19,1.08
2026-07-01,2026-07-01,Near,NYSE:LXP,54.56,1.91,0.68
2026-07-01,2026-07-01,Near,NYSE:LYV,183.98,1.95,0.95
2026-07-01,2026-07-01,Near,NYSE:MAC,25.42,2.1,0.6
2026-07-01,2026-07-01,Near,NYSE:MANE,128.48,2.1,0.69
2026-07-01,2026-07-01,Near,NYSE:MANU,23.01,5.0,0.7
2026-07-01,2026-07-01,Near,NYSE:MAS,81.64,1.52,1.01
2026-07-01,2026-07-01,Near,NYSE:MATX,203.92,1.9,1.55
2026-07-01,2026-07-01,Near,NYSE:MCY,108.54,0.7,0.93
2026-07-01,2026-07-01,Near,NYSE:MD,26.14,1.13,1.06
2026-07-01,2026-07-01,Near,NYSE:MET,87.2,2.7,0.76
2026-07-01,2026-07-01,Near,NYSE:MHO,156.56,4.34,0.78
2026-07-01,2026-07-01,Near,NYSE:MO,71.54,4.05,0.69
2026-07-01,2026-07-01,Near,NYSE:MOG.A,421.0,2.21,0.8
2026-07-01,2026-07-01,Near,NYSE:MOH,232.55,4.13,0.77
2026-07-01,2026-07-01,Near,NYSE:MPC,264.87,2.79,0.66
2026-07-01,2026-07-01,Near,NYSE:MRK,125.37,3.78,0.79
2026-07-01,2026-07-01,Near,NYSE:MSGE,79.48,4.0,0.59
2026-07-01,2026-07-01,Near,NYSE:MSGS,395.17,4.02,0.84
2026-07-01,2026-07-01,Near,NYSE:MSM,123.34,3.27,2.86
2026-07-01,2026-07-01,Near,NYSE:MTB,241.95,0.41,0.82
2026-07-01,2026-07-01,Near,NYSE:MTH,81.55,4.49,0.65
2026-07-01,2026-07-01,Near,NYSE:NBHC,44.98,1.42,0.74
2026-07-01,2026-07-01,Near,NYSE:NI,46.87,4.76,0.92
2026-07-01,2026-07-01,Near,NYSE:NIC,168.82,0.64,0.37
2026-07-01,2026-07-01,Near,NYSE:NJR,56.2,4.05,0.85
2026-07-01,2026-07-01,Near,NYSE:NNN,46.57,1.9,1.09
2026-07-01,2026-07-01,Near,NYSE:NSA,45.21,2.71,1.11
2026-07-01,2026-07-01,Near,NYSE:NSC,318.99,2.15,0.9
2026-07-01,2026-07-01,Near,NYSE:NTB,60.26,1.0,0.62
2026-07-01,2026-07-01,Near,NYSE:NTST,21.08,2.2,0.39
2026-07-01,2026-07-01,Near,NYSE:OFG,50.15,1.01,0.68
2026-07-01,2026-07-01,Near,NYSE:OGE,48.28,3.69,0.92
2026-07-01,2026-07-01,Near,NYSE:OGN,13.53,0.51,1.04
2026-07-01,2026-07-01,Near,NYSE:OHI,48.17,2.34,0.9
2026-07-01,2026-07-01,Near,NYSE:OII,39.39,4.28,0.5
2026-07-01,2026-07-01,Near,NYSE:OSCR,31.9,0.5,1.04
2026-07-01,2026-07-01,Near,NYSE:PACS,44.32,1.79,1.16
2026-07-01,2026-07-01,Near,NYSE:PB,73.37,4.96,1.34
2026-07-01,2026-07-01,Near,NYSE:PBI,17.56,3.78,0.57
2026-07-01,2026-07-01,Near,NYSE:PFGC,112.54,0.54,1.03
2026-07-01,2026-07-01,Near,NYSE:PFS,23.97,1.09,0.82
2026-07-01,2026-07-01,Near,NYSE:PKG,237.93,4.64,0.8
2026-07-01,2026-07-01,Near,NYSE:PLGO,24.98,0.63,0.78
2026-07-01,2026-07-01,Near,NYSE:PNC,251.62,0.44,0.81
2026-07-01,2026-07-01,Near,NYSE:PNW,106.3,1.95,0.76
2026-07-01,2026-07-01,Near,NYSE:PRI,291.63,0.11,0.81
2026-07-01,2026-07-01,Near,NYSE:PSA,323.04,2.64,0.58
2026-07-01,2026-07-01,Near,NYSE:RAL,71.67,4.96,0.97
2026-07-01,2026-07-01,Near,NYSE:RAMP,37.68,0.63,0.47
2026-07-01,2026-07-01,Near,NYSE:RDN,37.72,2.88,0.65
2026-07-01,2026-07-01,Near,NYSE:RF,30.8,2.32,0.61
2026-07-01,2026-07-01,Near,NYSE:RNR,316.84,2.63,1.13
2026-07-01,2026-07-01,Near,NYSE:RNST,43.66,0.68,0.77
2026-07-01,2026-07-01,Near,NYSE:ROK,482.82,2.92,0.76
2026-07-01,2026-07-01,Near,NYSE:RSI,31.26,1.85,0.62
2026-07-01,2026-07-01,Near,NYSE:RVTY,112.84,4.62,0.77
2026-07-01,2026-07-01,Near,NYSE:SFBS,88.84,1.99,0.66
2026-07-01,2026-07-01,Near,NYSE:SGHC,13.97,2.85,0.59
2026-07-01,2026-07-01,Near,NYSE:SJM,114.86,3.79,1.3
2026-07-01,2026-07-01,Near,NYSE:SN,151.84,0.47,1.19
2026-07-01,2026-07-01,Near,NYSE:SNA,403.28,0.74,0.68
2026-07-01,2026-07-01,Near,NYSE:SON,56.15,3.92,0.95
2026-07-01,2026-07-01,Near,NYSE:SPG,223.0,2.44,0.74
2026-07-01,2026-07-01,Near,NYSE:SPHR,169.12,3.14,0.85
2026-07-01,2026-07-01,Near,NYSE:SPNT,23.75,3.38,0.84
2026-07-01,2026-07-01,Near,NYSE:SSD,203.42,4.72,0.89
2026-07-01,2026-07-01,Near,NYSE:STAG,38.34,4.13,0.77
2026-07-01,2026-07-01,Near,NYSE:STT,169.67,3.3,0.37
2026-07-01,2026-07-01,Near,NYSE:SWK,91.34,4.01,0.84
2026-07-01,2026-07-01,Near,NYSE:SXI,348.46,4.24,0.9
2026-07-01,2026-07-01,Near,NYSE:TBBB,41.66,4.91,1.44
2026-07-01,2026-07-01,Near,NYSE:TDY,661.2,4.64,1.0
2026-07-01,2026-07-01,Near,NYSE:THG,216.76,1.47,0.8
2026-07-01,2026-07-01,Near,NYSE:TKR,141.75,3.16,1.25
2026-07-01,2026-07-01,Near,NYSE:TMHC,71.73,1.06,1.62
2026-07-01,2026-07-01,Near,NYSE:TRNO,66.01,2.68,0.98
2026-07-01,2026-07-01,Near,NYSE:TRV,334.62,0.84,0.49
2026-07-01,2026-07-01,Near,NYSE:TT,484.58,4.21,0.7
2026-07-01,2026-07-01,Near,NYSE:TXNM,56.72,4.72,0.65
2026-07-01,2026-07-01,Near,NYSE:UCB,36.05,1.96,0.74
2026-07-01,2026-07-01,Near,NYSE:UDR,40.62,2.36,0.7
2026-07-01,2026-07-01,Near,NYSE:UHAL,66.46,1.31,0.74
2026-07-01,2026-07-01,Near,NYSE:UNH,426.54,0.35,0.72
2026-07-01,2026-07-01,Near,NYSE:UNM,91.4,1.95,0.76
2026-07-01,2026-07-01,Near,NYSE:UNP,277.73,0.7,0.73
2026-07-01,2026-07-01,Near,NYSE:URI,1111.76,2.79,0.57
2026-07-01,2026-07-01,Near,NYSE:USB,61.96,0.38,0.82
2026-07-01,2026-07-01,Near,NYSE:USFD,101.9,1.13,0.82
2026-07-01,2026-07-01,Near,NYSE:V,351.08,2.39,1.2
2026-07-01,2026-07-01,Near,NYSE:VIK,102.0,3.56,0.83
2026-07-01,2026-07-01,Near,NYSE:VIRT,61.73,4.86,0.59
2026-07-01,2026-07-01,Near,NYSE:VLO,269.44,1.0,0.61
2026-07-01,2026-07-01,Near,NYSE:VMI,559.02,4.56,0.91
2026-07-01,2026-07-01,Near,NYSE:VOYA,92.71,0.79,0.57
2026-07-01,2026-07-01,Near,NYSE:VTR,89.65,1.55,1.57
2026-07-01,2026-07-01,Near,NYSE:WEC,116.22,2.84,0.61
2026-07-01,2026-07-01,Near,NYSE:WELL,230.19,0.72,0.64
2026-07-01,2026-07-01,Near,NYSE:WLY,51.01,1.33,0.61
2026-07-01,2026-07-01,Near,NYSE:WST,365.0,0.13,0.86
2026-07-01,2026-07-01,Near,NYSE:WTS,381.2,3.38,0.52
2026-07-01,2026-07-01,Near,NYSE:YUM,161.59,4.6,1.19
2026-07-01,2026-07-01,Near,NZX:CNU,9.9,3.98,0.0
2026-07-01,2026-07-01,Near,NZX:IFT,15.5,3.97,0.01
2026-07-01,2026-07-01,Near,NZX:POT,8.75,4.37,0.01
2026-07-01,2026-07-01,Near,OMXCOP:ALSYDB,588.5,0.42,1.07
2026-07-01,2026-07-01,Near,OMXCOP:DANSKE,351.2,1.27,0.66
2026-07-01,2026-07-01,Near,OMXCOP:DEMANT,278.0,2.25,0.74
2026-07-01,2026-07-01,Near,OMXCOP:JYSK,946.0,3.57,1.05
2026-07-01,2026-07-01,Near,OMXHEX:NDA_FI,16.495,3.59,0.48
2026-07-01,2026-07-01,Near,OMXHEX:VAIAS,56.9,1.39,0.96
2026-07-01,2026-07-01,Near,OMXSTO:ALFA,579.2,0.1,0.8
2026-07-01,2026-07-01,Near,OMXSTO:ATCO_A,194.75,2.01,0.68
2026-07-01,2026-07-01,Near,OMXSTO:AZA,390.0,4.69,0.69
2026-07-01,2026-07-01,Near,OMXSTO:BRAV,125.2,3.69,0.76
2026-07-01,2026-07-01,Near,OMXSTO:BUFAB,127.6,0.62,0.61
2026-07-01,2026-07-01,Near,OMXSTO:CAST,128.65,0.62,1.18
2026-07-01,2026-07-01,Near,OMXSTO:CLAS_B,435.8,3.71,0.87
2026-07-01,2026-07-01,Near,OMXSTO:INDU_A,535.5,1.74,0.56
2026-07-01,2026-07-01,Near,OMXSTO:INVE_A,393.3,1.11,0.68
2026-07-01,2026-07-01,Near,OMXSTO:LAGR_B,253.6,4.95,0.79
2026-07-01,2026-07-01,Near,OMXSTO:LOOMIS,484.6,2.3,0.58
2026-07-01,2026-07-01,Near,OMXSTO:MYCR,313.0,2.73,0.97
2026-07-01,2026-07-01,Near,OMXSTO:OEM_B,166.8,0.95,1.05
2026-07-01,2026-07-01,Near,OMXSTO:SAND,395.6,3.23,0.57
2026-07-01,2026-07-01,Near,OMXSTO:SAVE,363.6,1.94,0.73
2026-07-01,2026-07-01,Near,OMXSTO:SOBI,468.2,1.14,1.39
2026-07-01,2026-07-01,Near,OMXSTO:SWED_A,357.9,1.65,0.5
2026-07-01,2026-07-01,Near,OMXSTO:TREL_B,411.2,3.06,1.61
2026-07-01,2026-07-01,Near,OSL:AFG,193.8,1.32,0.76
2026-07-01,2026-07-01,Near,OSL:STB,185.5,0.43,0.87
2026-07-01,2026-07-01,Near,OSL:SUBC,340.8,4.86,0.78
2026-07-01,2026-07-01,Near,OSL:VEI,187.8,4.96,0.78
2026-07-01,2026-06-30,Near,OTC:FINN,18750.0,2.85,0.08
2026-07-01,2026-07-01,Near,PSE:AEV,33.5,4.69,0.18
2026-07-01,2026-07-01,Near,PSE:GLO,1890.0,3.77,0.36
2026-07-01,2026-07-01,Near,QSE:IGRD,4.42,0.9,0.39
2026-07-01,2026-07-01,Near,SET:AOT,64.75,0.0,1.08
2026-07-01,2026-07-01,Near,SET:BAY,41.75,0.6,1.38
2026-07-01,2026-07-01,Near,SET:BBL,180.0,1.1,1.15
2026-07-01,2026-07-01,Near,SET:BEM,6.2,2.36,0.43
2026-07-01,2026-07-01,Near,SET:CPN,67.5,4.26,0.56
2026-07-01,2026-07-01,Near,SET:GPSC,44.0,2.76,1.16
2026-07-01,2026-07-01,Near,SET:KBANK,218.0,0.91,0.8
2026-07-01,2026-07-01,Near,SET:KKP,99.0,2.94,1.29
2026-07-01,2026-07-01,Near,SET:KTB,38.0,1.94,1.47
2026-07-01,2026-07-01,Near,SET:KTC,33.25,3.62,1.32
2026-07-01,2026-07-01,Near,SET:RATCH,31.5,3.08,0.82
2026-07-01,2026-07-01,Near,SET:SCB,147.5,1.34,1.12
2026-07-01,2026-07-01,Near,SET:SCC,243.0,3.95,0.74
2026-07-01,2026-07-01,Near,SET:SCGP,29.0,0.0,0.49
2026-07-01,2026-07-01,Near,SET:TISCO,118.5,0.42,0.42
2026-07-01,2026-07-01,Near,SET:TTB,2.46,1.6,0.73
2026-07-01,2026-07-01,Near,SET:VAYU1,11.4,0.87,0.94
2026-07-01,2026-07-01,Near,SGX:AWX,10.94,1.0,0.85
2026-07-01,2026-07-01,Near,SGX:C6L,7.64,1.04,0.61
2026-07-01,2026-07-01,Near,SGX:D05,65.43,2.34,0.6
2026-07-01,2026-07-01,Near,SGX:G07,16.15,0.86,0.55
2026-07-01,2026-07-01,Near,SGX:O39,24.66,2.61,0.87
2026-07-01,2026-07-01,Near,SGX:OV8,3.19,2.74,1.06
2026-07-01,2026-07-01,Near,SGX:S58,4.49,2.18,0.48
2026-07-01,2026-07-01,Near,SGX:S68,24.09,2.59,0.6
2026-07-01,2026-07-01,Near,SGX:U11,39.65,1.05,0.62
2026-07-01,2026-07-01,Near,SIX:ABBN,86.18,3.32,0.76
2026-07-01,2026-07-01,Near,SIX:AVOL,54.1,3.05,0.57
2026-07-01,2026-07-01,Near,SIX:BION,49.1,1.11,0.74
2026-07-01,2026-07-01,Near,SIX:CFR,182.7,4.02,0.87
2026-07-01,2026-07-01,Near,SIX:DKSH,62.8,3.53,0.81
2026-07-01,2026-07-01,Near,SIX:EMMN,875.0,1.57,0.95
2026-07-01,2026-07-01,Near,SIX:EMSN,687.0,4.05,1.25
2026-07-01,2026-07-01,Near,SIX:GALD,178.85,4.99,1.5
2026-07-01,2026-07-01,Near,SIX:ISN,174.2,4.18,0.94
2026-07-01,2026-07-01,Near,SIX:KNIN,200.3,0.2,0.85
2026-07-01,2026-07-01,Near,SIX:LLBN,106.0,0.56,0.73
2026-07-01,2026-07-01,Near,SIX:LUKN,109.0,3.37,0.66
2026-07-01,2026-07-01,Near,SIX:NESN,82.88,2.56,0.76
2026-07-01,2026-07-01,Near,SIX:NOVN,125.0,4.58,0.74
2026-07-01,2026-07-01,Near,SIX:SDZ,71.72,4.01,0.94
2026-07-01,2026-07-01,Near,SIX:SFSN,134.4,1.61,1.51
2026-07-01,2026-07-01,Near,SIX:SGSN,93.68,3.9,0.91
2026-07-01,2026-07-01,Near,SIX:SRAIL,23.44,3.54,0.82
2026-07-01,2026-07-01,Near,SIX:STMN,108.6,2.6,0.82
2026-07-01,2026-07-01,Near,SIX:TECN,175.6,2.44,2.57
2026-07-01,2026-07-01,Near,SIX:UBSG,40.26,2.8,0.6
2026-07-01,2026-07-01,Near,SIX:VACN,708.8,2.53,0.93
2026-07-01,2026-07-01,Near,SIX:VONN,73.5,0.41,0.73
2026-07-01,2026-07-01,Near,SIX:WKBN,159.0,2.45,1.46
2026-07-01,2026-07-01,Near,SIX:ZURN,600.0,1.12,0.61
2026-07-01,2026-07-01,Near,SSE:600160,55.85,3.34,1.01
2026-07-01,2026-07-01,Near,SSE:600177,7.68,4.95,1.4
2026-07-01,2026-07-01,Near,SSE:600184,31.89,4.95,1.19
2026-07-01,2026-07-01,Near,SSE:600367,63.8,3.9,1.2
2026-07-01,2026-07-01,Near,SSE:600378,81.0,2.32,1.45
2026-07-01,2026-07-01,Near,SSE:600397,29.95,0.0,0.34
2026-07-01,2026-07-01,Near,SSE:600584,106.64,4.02,1.04
2026-07-01,2026-07-01,Near,SSE:600667,32.1,0.0,1.2
2026-07-01,2026-07-01,Near,SSE:600707,17.66,0.51,1.35
2026-07-01,2026-07-01,Near,SSE:600906,7.93,2.94,1.18
2026-07-01,2026-07-01,Near,SSE:600961,35.3,4.54,1.24
2026-07-01,2026-07-01,Near,SSE:600999,22.94,1.16,1.54
2026-07-01,2026-07-01,Near,SSE:601066,30.01,4.43,1.31
2026-07-01,2026-07-01,Near,SSE:601198,13.99,4.96,1.7
2026-07-01,2026-07-01,Near,SSE:603005,52.65,4.72,1.1
2026-07-01,2026-07-01,Near,SSE:603061,523.0,4.91,1.36
2026-07-01,2026-07-01,Near,SSE:603067,49.5,2.79,1.71
2026-07-01,2026-07-01,Near,SSE:603078,52.66,3.13,1.55
2026-07-01,2026-07-01,Near,SSE:603259,125.2,1.26,1.71
2026-07-01,2026-07-01,Near,SSE:603290,151.89,4.88,1.59
2026-07-01,2026-07-01,Near,SSE:603505,22.17,3.98,1.64
2026-07-01,2026-07-01,Near,SSE:603588,19.65,2.72,0.82
2026-07-01,2026-07-01,Near,SSE:603678,87.5,4.16,1.21
2026-07-01,2026-07-01,Near,SSE:603733,28.45,4.63,1.05
2026-07-01,2026-07-01,Near,SSE:603738,66.06,4.74,0.09
2026-07-01,2026-07-01,Near,SSE:603823,56.78,2.14,0.96
2026-07-01,2026-07-01,Near,SSE:605020,43.99,1.79,1.24
2026-07-01,2026-07-01,Near,SSE:605289,159.5,0.0,0.64
2026-07-01,2026-07-01,Near,SSE:605358,79.84,4.14,1.06
2026-07-01,2026-07-01,Near,SSE:605389,99.89,3.47,0.82
2026-07-01,2026-07-01,Near,SSE:688059,215.0,3.85,1.37
2026-07-01,2026-06-26,Near,SSE:688072,832.0,3.82,0.81
2026-07-01,2026-07-01,Near,SSE:688106,49.78,0.0,1.0
2026-07-01,2026-07-01,Near,SSE:688131,95.5,4.47,1.1
2026-07-01,2026-07-01,Near,SSE:688233,238.56,3.42,1.2
2026-07-01,2026-07-01,Near,SSE:688266,130.0,3.11,1.95
2026-07-01,2026-07-01,Near,SSE:688268,277.95,4.16,0.92
2026-07-01,2026-07-01,Near,SSE:688359,213.5,2.06,1.39
2026-07-01,2026-07-01,Near,SSE:688378,59.76,4.98,1.17
2026-07-01,2026-07-01,Near,SSE:688392,231.0,3.06,0.94
2026-07-01,2026-07-01,Near,SSE:688401,99.49,4.24,1.06
2026-07-01,2026-07-01,Near,SSE:688432,45.8,1.08,1.34
2026-07-01,2026-07-01,Near,SSE:688503,130.8,3.65,1.64
2026-07-01,2026-07-01,Near,SSE:688548,55.0,4.03,1.26
2026-07-01,2026-07-01,Near,SSE:688549,40.6,2.54,1.03
2026-07-01,2026-07-01,Near,SSE:688559,81.4,4.8,0.99
2026-07-01,2026-07-01,Near,SSE:688702,380.52,4.14,0.9
2026-07-01,2026-07-01,Near,SSE:688729,43.12,2.66,1.08
2026-07-01,2026-07-01,Near,SSE:688758,22.88,2.22,1.67
2026-07-01,2026-07-01,Near,SSE:688766,870.0,4.37,1.07
2026-07-01,2026-07-01,Near,SSE:688796,122.01,0.8,1.81
2026-07-01,2026-07-01,Near,SZSE:000100,6.12,2.24,1.59
2026-07-01,2026-07-01,Near,SZSE:000733,62.3,0.0,0.29
2026-07-01,2026-07-01,Near,SZSE:000776,24.86,2.24,1.25
2026-07-01,2026-07-01,Near,SZSE:000783,10.54,1.77,1.46
2026-07-01,2026-07-01,Near,SZSE:000970,15.49,4.68,1.25
2026-07-01,2026-07-01,Near,SZSE:001331,62.02,0.0,0.81
2026-07-01,2026-07-01,Near,SZSE:002025,80.2,4.1,1.52
2026-07-01,2026-07-01,Near,SZSE:002056,30.76,3.78,0.81
2026-07-01,2026-07-01,Near,SZSE:002079,14.6,3.63,1.07
2026-07-01,2026-07-01,Near,SZSE:002119,40.2,3.34,1.09
2026-07-01,2026-07-01,Near,SZSE:002129,11.9,4.34,1.43
2026-07-01,2026-07-01,Near,SZSE:002317,26.71,4.5,1.73
2026-07-01,2026-07-01,Near,SZSE:002354,9.4,4.76,1.27
2026-07-01,2026-07-01,Near,SZSE:002371,935.36,3.37,1.26
2026-07-01,2026-07-01,Near,SZSE:002407,55.25,0.0,0.39
2026-07-01,2026-07-01,Near,SZSE:002409,236.09,4.2,1.21
2026-07-01,2026-07-01,Near,SZSE:002422,41.95,0.99,2.24
2026-07-01,2026-07-01,Near,SZSE:002643,21.82,1.8,1.27
2026-07-01,2026-07-01,Near,SZSE:002747,41.06,0.0,0.54
2026-07-01,2026-07-01,Near,SZSE:002821,164.8,4.07,2.24
2026-07-01,2026-07-01,Near,SZSE:002925,25.28,4.78,1.03
2026-07-01,2026-07-01,Near,SZSE:002990,78.3,4.07,0.87
2026-07-01,2026-07-01,Near,SZSE:300037,93.55,2.63,0.95
2026-07-01,2026-07-01,Near,SZSE:300083,13.66,4.34,0.98
2026-07-01,2026-07-01,Near,SZSE:300093,27.04,1.64,1.48
2026-07-01,2026-07-01,Near,SZSE:300201,20.68,3.81,1.34
2026-07-01,2026-07-01,Near,SZSE:300260,103.88,3.46,0.97
2026-07-01,2026-07-01,Near,SZSE:300263,16.71,2.79,1.11
2026-07-01,2026-07-01,Near,SZSE:300319,31.8,4.7,0.95
2026-07-01,2026-07-01,Near,SZSE:300331,72.43,4.57,0.96
2026-07-01,2026-07-01,Near,SZSE:300382,23.08,3.03,0.8
2026-07-01,2026-07-01,Near,SZSE:300480,44.85,3.34,1.41
2026-07-01,2026-07-01,Near,SZSE:300503,101.48,0.51,2.04
2026-07-01,2026-07-01,Near,SZSE:300720,110.3,2.82,1.58
2026-07-01,2026-07-01,Near,SZSE:300821,22.13,0.85,1.24
2026-07-01,2026-07-01,Near,SZSE:300938,52.57,2.49,0.86
2026-07-01,2026-07-01,Near,SZSE:301093,139.01,3.07,1.84
2026-07-01,2026-07-01,Near,SZSE:301095,123.21,4.32,1.63
2026-07-01,2026-07-01,Near,SZSE:301099,100.0,0.65,1.21
2026-07-01,2026-07-01,Near,SZSE:301127,20.83,2.98,0.8
2026-07-01,2026-07-01,Near,SZSE:301200,376.61,4.74,0.96
2026-07-01,2026-07-01,Near,SZSE:301297,63.74,3.86,1.24
2026-07-01,2026-07-01,Near,SZSE:301392,284.8,3.29,0.87
2026-07-01,2026-07-01,Near,SZSE:301396,327.5,3.5,0.55
2026-07-01,2026-07-01,Near,SZSE:301611,184.48,3.7,0.87
2026-07-01,2026-07-01,Near,SZSE:301629,439.0,4.68,1.12
2026-07-01,2026-07-01,Near,TADAWUL:2050,29.24,3.5,0.63
2026-07-01,2026-07-01,Near,TADAWUL:5110,18.0,2.6,0.24
2026-07-01,2026-07-01,Near,TADAWUL:7010,43.6,3.92,0.98
2026-07-01,2026-07-01,Near,TADAWUL:8313,153.5,3.82,10.72
2026-07-01,2026-07-01,Near,TASE:GNRS,298.4,3.12,2.22
2026-07-01,2026-07-01,Near,TASE:SPEN,4555.0,2.84,0.96
2026-07-01,2026-07-01,Near,TPEX:3131,3690.0,4.53,0.72
2026-07-01,2026-07-01,Near,TPEX:3374,304.0,4.25,1.32
2026-07-01,2026-07-01,Near,TPEX:5536,1340.0,3.94,1.09
2026-07-01,2026-07-01,Near,TPEX:5904,682.0,1.02,1.51
2026-07-01,2026-07-01,Near,TPEX:6182,135.0,0.0,0.34
2026-07-01,2026-07-01,Near,TSE:1860,1607.0,3.48,1.87
2026-07-01,2026-07-01,Near,TSE:2222,2464.0,2.57,0.78
2026-07-01,2026-07-01,Near,TSE:2371,3390.0,4.99,0.79
2026-07-01,2026-07-01,Near,TSE:2801,1606.0,5.0,0.98
2026-07-01,2026-07-01,Near,TSE:2802,6175.0,2.15,1.09
2026-07-01,2026-07-01,Near,TSE:2810,3722.0,1.38,1.0
2026-07-01,2026-07-01,Near,TSE:3099,3996.0,4.68,1.2
2026-07-01,2026-07-01,Near,TSE:3774,3161.0,3.24,0.73
2026-07-01,2026-07-01,Near,TSE:4021,8492.0,1.26,1.08
2026-07-01,2026-07-01,Near,TSE:4118,5619.0,4.32,1.48
2026-07-01,2026-07-01,Near,TSE:4188,1115.0,4.78,0.85
2026-07-01,2026-07-01,Near,TSE:4536,2134.5,2.62,0.67
2026-07-01,2026-07-01,Near,TSE:4732,1882.5,3.14,0.78
2026-07-01,2026-07-01,Near,TSE:4966,27610.0,2.88,0.52
2026-07-01,2026-07-01,Near,TSE:5333,7660.0,2.96,0.69
2026-07-01,2026-07-01,Near,TSE:5334,10785.0,3.01,0.83
2026-07-01,2026-07-01,Near,TSE:5393,3941.0,4.94,0.8
2026-07-01,2026-07-01,Near,TSE:5463,1876.5,4.04,1.49
2026-07-01,2026-07-01,Near,TSE:5831,3044.0,4.4,0.78
2026-07-01,2026-07-01,Near,TSE:6098,11530.0,3.39,1.11
2026-07-01,2026-07-01,Near,TSE:6135,15410.0,3.32,0.88
2026-07-01,2026-07-01,Near,TSE:6136,3787.0,0.84,1.02
2026-07-01,2026-07-01,Near,TSE:6323,5080.0,2.29,1.26
2026-07-01,2026-07-01,Near,TSE:6367,24795.0,4.27,0.95
2026-07-01,2026-07-01,Near,TSE:6370,9455.0,4.68,0.77
2026-07-01,2026-07-01,Near,TSE:6507,16480.0,2.49,0.89
2026-07-01,2026-07-01,Near,TSE:6723,5123.0,3.05,0.85
2026-07-01,2026-07-01,Near,TSE:6728,11130.0,2.54,0.93
2026-07-01,2026-07-01,Near,TSE:6752,4770.0,0.0,1.06
2026-07-01,2026-07-01,Near,TSE:6754,4688.0,3.44,1.01
2026-07-01,2026-07-01,Near,TSE:6845,1712.5,1.61,0.71
2026-07-01,2026-07-01,Near,TSE:6856,28680.0,4.72,1.86
2026-07-01,2026-07-01,Near,TSE:6861,81630.0,3.02,0.77
2026-07-01,2026-07-01,Near,TSE:6871,17390.0,4.35,0.91
2026-07-01,2026-07-01,Near,TSE:6951,7770.0,0.88,1.11
2026-07-01,2026-07-01,Near,TSE:6952,1900.0,4.9,0.77
2026-07-01,2026-07-01,Near,TSE:6971,3821.0,2.35,1.05
2026-07-01,2026-07-01,Near,TSE:7167,1431.5,1.72,1.09
2026-07-01,2026-07-01,Near,TSE:7180,1466.5,2.56,0.86
2026-07-01,2026-07-01,Near,TSE:7186,1739.0,4.56,0.65
2026-07-01,2026-07-01,Near,TSE:7282,5131.0,3.64,0.51
2026-07-01,2026-07-01,Near,TSE:7327,2146.0,1.6,0.82
2026-07-01,2026-07-01,Near,TSE:7337,2123.0,1.67,0.97
2026-07-01,2026-07-01,Near,TSE:7380,2372.0,1.74,0.76
2026-07-01,2026-07-01,Near,TSE:7729,20920.0,1.83,1.47
2026-07-01,2026-07-01,Near,TSE:7735,19490.0,1.42,1.79
2026-07-01,2026-07-01,Near,TSE:7966,7110.0,2.07,1.24
2026-07-01,2026-07-01,Near,TSE:8035,78800.0,3.03,1.15
2026-07-01,2026-07-01,Near,TSE:8050,8050.0,3.71,0.91
2026-07-01,2026-07-01,Near,TSE:8242,2803.5,4.48,0.82
2026-07-01,2026-07-01,Near,TSE:8283,6639.0,0.15,0.5
2026-07-01,2026-07-01,Near,TSE:8306,3247.0,4.33,0.63
2026-07-01,2026-07-01,Near,TSE:8309,6120.0,1.58,0.84
2026-07-01,2026-07-01,Near,TSE:8316,6433.0,4.46,0.7
2026-07-01,2026-07-01,Near,TSE:8331,2499.5,3.61,0.84
2026-07-01,2026-07-01,Near,TSE:8334,2358.5,2.74,0.79
2026-07-01,2026-07-01,Near,TSE:8341,3373.0,1.83,0.99
2026-07-01,2026-07-01,Near,TSE:8358,2477.0,0.36,0.95
2026-07-01,2026-07-01,Near,TSE:8359,2412.5,2.35,0.89
2026-07-01,2026-07-01,Near,TSE:8366,2672.0,0.78,1.32
2026-07-01,2026-07-01,Near,TSE:8377,6847.0,1.88,1.16
2026-07-01,2026-07-01,Near,TSE:8381,2280.0,1.85,1.22
2026-07-01,2026-07-01,Near,TSE:8418,2895.0,4.27,0.85
2026-07-01,2026-07-01,Near,TSE:8439,2466.5,3.14,1.25
2026-07-01,2026-07-01,Near,TSE:8524,1109.0,2.12,0.74
2026-07-01,2026-07-01,Near,TSE:8601,1631.5,3.26,1.06
2026-07-01,2026-07-01,Near,TSE:8604,1439.5,4.45,0.97
2026-07-01,2026-07-01,Near,TSE:8630,6250.0,4.42,1.04
2026-07-01,2026-07-01,Near,TSE:8750,1791.0,3.71,0.85
2026-07-01,2026-07-01,Near,TSE:8795,4815.0,4.71,1.06
2026-07-01,2026-07-01,Near,TSE:9301,1555.0,0.73,0.62
2026-07-01,2026-07-01,Near,TSE:9401,6411.0,0.87,1.18
2026-07-01,2026-07-01,Near,TSE:9436,3640.0,4.59,0.81
2026-07-01,2026-07-01,Near,TSE:9502,3118.0,2.65,2.41
2026-07-01,2026-07-01,Near,TSE:9962,3981.0,1.41,0.79
2026-07-01,2026-07-01,Near,TSE:9983,82710.0,3.89,0.84
2026-07-01,2026-06-30,Near,TSX:AC,24.74,0.84,0.45
2026-07-01,2026-06-30,Near,TSX:ACO.X,74.1,0.84,0.35
2026-07-01,2026-06-30,Near,TSX:ALS,63.52,1.5,0.49
2026-07-01,2026-06-30,Near,TSX:ATD,90.4,4.99,0.84
2026-07-01,2026-06-30,Near,TSX:BB,17.91,2.5,0.99
2026-07-01,2026-06-30,Near,TSX:BBD.A,324.5,4.51,0.8
2026-07-01,2026-06-30,Near,TSX:BDGI,93.02,3.04,0.56
2026-07-01,2026-06-30,Near,TSX:BDT,64.73,0.43,0.74
2026-07-01,2026-06-30,Near,TSX:BLX,37.0,0.13,0.82
2026-07-01,2026-06-30,Near,TSX:BMO,250.67,0.29,0.94
2026-07-01,2026-06-30,Near,TSX:BNS,123.27,1.22,1.03
2026-07-01,2026-06-30,Near,TSX:CCL.A,92.05,0.0,0.0
2026-07-01,2026-06-30,Near,TSX:CHP.UN,16.34,3.14,1.02
2026-07-01,2026-06-30,Near,TSX:CM,163.32,0.17,0.74
2026-07-01,2026-06-30,Near,TSX:CNR,169.25,1.62,1.33
2026-07-01,2026-06-30,Near,TSX:CP,122.96,3.56,1.2
2026-07-01,2026-06-30,Near,TSX:CPX,73.91,2.36,1.5
2026-07-01,2026-06-30,Near,TSX:CRR.UN,17.38,1.92,1.16
2026-07-01,2026-06-30,Near,TSX:CRT.UN,18.14,1.73,1.96
2026-07-01,2026-06-30,Near,TSX:CSH.UN,22.35,3.71,0.79
2026-07-01,2026-06-30,Near,TSX:CU,52.72,1.9,2.05
2026-07-01,2026-06-30,Near,TSX:DFY,75.24,4.93,0.96
2026-07-01,2026-06-30,Near,TSX:DIR.UN,13.99,3.18,1.48
2026-07-01,2026-06-30,Near,TSX:EIF,132.31,1.99,1.06
2026-07-01,2026-06-30,Near,TSX:EMA,75.23,1.6,1.17
2026-07-01,2026-06-30,Near,TSX:ENB,76.91,4.64,1.29
2026-07-01,2026-06-30,Near,TSX:EQB,133.0,0.2,0.82
2026-07-01,2026-06-30,Near,TSX:EXE,35.07,2.2,0.27
2026-07-01,2026-06-30,Near,TSX:FCR.UN,23.14,2.94,0.75
2026-07-01,2026-06-30,Near,TSX:FTS,81.25,1.72,1.13
2026-07-01,2026-06-30,Near,TSX:GRT.UN,95.8,2.53,0.97
2026-07-01,2026-06-30,Near,TSX:GWO,90.37,0.17,0.73
2026-07-01,2026-06-30,Near,TSX:H,58.5,3.24,1.47
2026-07-01,2026-06-30,Near,TSX:HPS.A,347.21,4.91,0.48
2026-07-01,2026-06-30,Near,TSX:IAG,195.83,0.29,0.61
2026-07-01,2026-06-30,Near,TSX:MFC,57.52,1.19,0.8
2026-07-01,2026-06-30,Near,TSX:MG,93.26,2.85,0.92
2026-07-01,2026-06-30,Near,TSX:NA,223.91,1.01,0.93
2026-07-01,2026-06-30,Near,TSX:POW,88.42,2.51,1.61
2026-07-01,2026-06-30,Near,TSX:RBA,165.11,0.84,1.58
2026-07-01,2026-06-30,Near,TSX:REI.UN,22.69,2.41,0.89
2026-07-01,2026-06-30,Near,TSX:RY,293.68,0.22,0.84
2026-07-01,2026-06-30,Near,TSX:SLF,111.35,0.62,1.04
2026-07-01,2026-06-30,Near,TSX:SRU.UN,30.31,1.91,1.1
2026-07-01,2026-06-30,Near,TSX:TD,172.44,0.05,0.91
2026-07-01,2026-06-30,Near,TSX:TIH,233.22,4.22,0.82
2026-07-01,2026-06-30,Near,TSX:WN,101.8,4.12,0.72
2026-07-01,2026-07-01,Near,TWSE:1303,183.0,0.0,0.55
2026-07-01,2026-07-01,Near,TWSE:1560,763.0,3.42,0.9
2026-07-01,2026-07-01,Near,TWSE:2059,7655.0,2.79,0.98
2026-07-01,2026-07-01,Near,TWSE:2330,2505.0,1.18,0.8
2026-07-01,2026-07-01,Near,TWSE:2345,2660.0,2.21,1.26
2026-07-01,2026-07-01,Near,TWSE:2347,93.6,3.6,1.13
2026-07-01,2026-07-01,Near,TWSE:2412,141.5,3.74,1.47
2026-07-01,2026-07-01,Near,TWSE:2481,194.5,4.66,0.3
2026-07-01,2026-07-01,Near,TWSE:2618,43.9,3.83,0.78
2026-07-01,2026-07-01,Near,TWSE:2801,23.85,1.45,4.77
2026-07-01,2026-07-01,Near,TWSE:2834,17.6,2.76,0.73
2026-07-01,2026-07-01,Near,TWSE:2838,22.6,1.74,0.92
2026-07-01,2026-07-01,Near,TWSE:2886,46.15,2.64,2.27
2026-07-01,2026-07-01,Near,TWSE:2887,33.35,2.2,1.1
2026-07-01,2026-07-01,Near,TWSE:2890,40.0,2.2,1.53
2026-07-01,2026-07-01,Near,TWSE:2891,70.6,4.08,1.02
2026-07-01,2026-07-01,Near,TWSE:3026,899.0,1.75,0.36
2026-07-01,2026-07-01,Near,TWSE:3045,118.0,2.88,1.92
2026-07-01,2026-07-01,Near,TWSE:3711,703.0,2.09,0.73
2026-07-01,2026-07-01,Near,TWSE:5880,24.85,3.05,0.47
2026-07-01,2026-07-01,Near,TWSE:6196,571.0,4.52,1.58
2026-07-01,2026-07-01,Near,TWSE:6257,245.0,3.16,1.53
2026-07-01,2026-07-01,Near,TWSE:6446,1360.0,3.2,0.93
2026-07-01,2026-07-01,Near,TWSE:7610,2430.0,4.52,0.36
2026-07-01,2026-07-01,Near,VIE:BG,176.9,0.0,0.7
2026-07-01,2026-06-29,Near,VIE:BTS,90.0,2.17,0.55
2026-07-01,2026-07-01,Near,VIE:EBS,115.6,1.62,0.46
2026-07-01,2026-07-01,Near,VIE:EVN,28.65,4.18,1.12
2026-07-01,2026-07-01,Near,VIE:OBS,82.6,0.96,1.31
2026-07-01,2026-07-01,Near,VIE:RBI,54.7,2.41,0.63
2026-07-01,2026-07-01,Near,VIE:UQA,17.66,1.56,0.58
2026-07-01,2026-07-01,Near,XETR:ALV,414.1,0.05,0.62
2026-07-01,2026-07-01,Near,XETR:BAYN,49.0,1.57,0.84
2026-07-01,2026-07-01,Near,XETR:CBK,37.14,4.43,0.54
2026-07-01,2026-07-01,Near,XETR:CON,72.34,4.01,0.46
2026-07-01,2026-07-01,Near,XETR:DHL,53.84,0.0,0.87
2026-07-01,2026-07-01,Near,XETR:DWS,66.7,0.0,0.93
2026-07-01,2026-07-01,Near,XETR:GIL,47.1,3.29,0.16
2026-07-01,2026-07-01,Near,XETR:LHA,9.77,2.4,0.62
2026-07-01,2026-07-01,Near,XETR:MRK,144.5,2.79,0.65
2026-07-01,2026-07-01,Near,XETR:SIE,273.45,3.22,0.96
2026-07-01,2026-07-01,Near,XETR:SY1,89.58,3.43,0.75
